回,トピック,説明
A1,統計学とは,統計学はデータから知識を引き出す方法を学ぶ学問です。日常生活、経済、科学など、あらゆる分野でデータは溢れていますが、そのデータをどのように扱い、どう判断すればよいのかは明確ではありません。統計学はこの「方法」を提供します。
A1,ガイダンス,この講義は経済学部の2年生向けの『統計学』で、資料やテストはすべてMoodle上で提供されます。評価方法は、Moodle上の小テスト12回分の合計点が70%、中間テストと最終テストが各15%です。統計学は数学と数値計算を多用するため、エクセルや電卓を手元に置いて受講することが推奨されます。また、2022年度から講義タイトルが『統計学』に変更され、再履修者も最新の講義資料を使用する必要があります。
A1,統計学の応用分野,統計学の応用範囲は広く、自然科学（医学、薬学、疫学、生物学など）、社会科学（社会学、経済学、経営学、政治学など）、人文科学（教育学、心理学、人類学、言語学など）、商業（金融、マーケティング、人工知能、自動運転など）にわたります。統計学はデータが存在するところならどこでも応用可能であり、新型コロナの経済効果や新薬の効果分析、マーケティング分析などにも使われます。
,,
,,
,,
,,
,,
,,
,,
,,
,,
,,
,,
,,
,,
,,
,,
,,
,,
,,
,,
,,
,,
,,
,,
,,
,,
,,
,,
,,
,,
,,
,,
,,
,,
,,
,,
,,
,,
,,
,,
,,
,,
,,
,,
,,
,,
,,
,,
,,
,,
,,
,,
,,
,,
,,
,,
,,
,,
,,
,,
,,
,,
,,
,,
,,
,,
,,
,,
,,
,,
,,
,,
